"n","k","usrtime","systime","elapstime","wrap"
"100","10","3.117","3.616","6.735","R"
"100","10","3.092","3.613","6.713","R"
"100","10","3.164","3.602","6.77","R"
"100","10","3.127","3.624","6.756","R"
"100","10","3.102","3.602","6.707","R"
"100","10","2.201","3.569","5.82","C"
"100","10","2.24","3.544","5.789","C"
"100","10","2.211","3.564","5.77799999999999","C"
"100","10","2.263","3.503","5.77000000000001","C"
"100","10","2.225","3.529","5.756","C"
"100","10","1.807","2.27499999999999","4.09700000000001","CS"
"100","10","1.778","2.28400000000001","4.06400000000001","CS"
"100","10","1.81","2.262","4.074","CS"
"100","10","1.786","2.27800000000001","4.06400000000001","CS"
"100","10","1.824","2.23299999999999","4.05899999999998","CS"
"100","11","6.811","7.357","14.189","R"
"100","11","6.751","7.39800000000001","14.161","R"
"100","11","6.729","7.44200000000001","14.182","R"
"100","11","6.669","7.47399999999999","14.153","R"
"100","11","6.717","7.485","14.212","R"
"100","11","4.77900000000001","7.42099999999999","12.216","C"
"100","11","4.80800000000001","7.35900000000001","12.178","C"
"100","11","4.812","7.32599999999999","12.145","C"
"100","11","4.736","7.39099999999999","12.135","C"
"100","11","4.851","7.27000000000001","12.131","C"
"100","11","3.86999999999999","4.77799999999999","8.65600000000001","CS"
"100","11","3.854","4.822","8.68200000000002","CS"
"100","11","3.77200000000001","4.89599999999999","8.67500000000001","CS"
"100","11","3.854","4.804","8.666","CS"
"100","11","3.91199999999999","4.72800000000001","8.64600000000002","CS"
"100","12","14.438","15.325","29.779","R"
"100","12","14.195","15.503","29.716","R"
"100","12","14.214","15.353","29.582","R"
"100","12","14.342","15.308","29.665","R"
"100","12","14.188","15.4930000000001","29.695","R"
"100","12","10.559","15.302","25.881","C"
"100","12","10.466","15.383","25.866","C"
"100","12","10.534","15.327","25.876","C"
"100","12","10.438","15.429","25.891","C"
"100","12","10.459","15.314","25.8000000000001","C"
"100","12","8.14099999999999","10.367","18.5139999999999","CS"
"100","12","8.27999999999997","10.184","18.481","CS"
"100","12","8.22399999999999","10.272","18.51","CS"
"100","12","8.185","10.274","18.474","CS"
"100","12","8.18799999999999","10.272","18.472","CS"
"100","13","30.637","32.16","62.8339999999999","R"
"100","13","30.974","31.904","62.9069999999999","R"
"100","13","30.985","31.961","62.977","R"
"100","13","31.181","31.8199999999999","63.037","R"
"100","13","31.015","31.989","63.0360000000001","R"
"100","13","23.433","31.726","55.1980000000001","C"
"100","13","23.412","31.701","55.155","C"
"100","13","23.202","31.784","55.03","C"
"100","13","23.192","31.626","54.8579999999999","C"
"100","13","22.865","31.749","54.6420000000001","C"
"100","13","17.4930000000001","21.764","39.2839999999999","CS"
"100","13","17.2829999999999","21.991","39.289","CS"
"100","13","17.3050000000001","21.9589999999999","39.296","CS"
"100","13","17.1700000000001","22.0889999999999","39.29","CS"
"100","13","17.437","21.867","39.327","CS"
"100","5","0.0789999999999509","0.0760000000000218","0.1550000000002","R"
"100","5","0.0639999999999645","0.0910000000000082","0.153999999999996","R"
"100","5","0.0749999999999318","0.0800000000000409","0.154999999999973","R"
"100","5","0.0699999999999363","0.0839999999999463","0.153999999999996","R"
"100","5","0.0819999999999936","0.0729999999999791","0.155999999999949","R"
"100","5","0.0410000000000537","0.0879999999999654","0.129000000000133","C"
"100","5","0.0510000000000446","0.0779999999999745","0.129000000000133","C"
"100","5","0.0399999999999636","0.0890000000000555","0.129000000000133","C"
"100","5","0.0510000000000446","0.0779999999999745","0.127999999999929","C"
"100","5","0.05600000000004","0.0720000000000027","0.127999999999929","C"
"100","5","0.0349999999999682","0.0490000000000919","0.0839999999998327","CS"
"100","5","0.0400000000000773","0.0430000000000064","0.08400000000006","CS"
"100","5","0.0410000000000537","0.0430000000000064","0.0829999999998563","CS"
"100","5","0.0349999999999682","0.0480000000000018","0.0830000000000837","CS"
"100","5","0.0389999999999873","0.0439999999999827","0.0839999999998327","CS"
"1000","10","3.84299999999996","4.15999999999997","8.00299999999993","R"
"1000","10","3.86500000000001","4.154","8.02199999999993","R"
"1000","10","3.86299999999994","4.14099999999996","8.01099999999997","R"
"1000","10","3.90300000000002","4.10500000000002","8.01099999999997","R"
"1000","10","4.06399999999996","4.03599999999994","8.10599999999999","R"
"1000","10","2.96900000000005","4.05600000000004","7.02700000000004","C"
"1000","10","2.923","4.11300000000006","7.04300000000012","C"
"1000","10","2.94299999999998","4.07900000000006","7.02499999999986","C"
"1000","10","2.84899999999993","4.19099999999992","7.04399999999987","C"
"1000","10","2.85800000000006","4.17699999999991","7.03999999999996","C"
"1000","10","1.76600000000008","2.36599999999999","4.13400000000001","CS"
"1000","10","1.8180000000001","2.31999999999994","4.14099999999985","CS"
"1000","10","1.85399999999993","2.28899999999999","4.14400000000001","CS"
"1000","10","1.85199999999998","2.28099999999995","4.13599999999997","CS"
"1000","10","1.875","2.26999999999998","4.14799999999991","CS"
"1000","11","8.34199999999998","8.70299999999997","17.0550000000001","R"
"1000","11","8.58100000000002","8.58999999999992","17.1849999999999","R"
"1000","11","8.60500000000002","8.51700000000005","17.133","R"
"1000","11","8.40499999999997","8.68299999999999","17.095","R"
"1000","11","8.50400000000002","8.55700000000002","17.066","R"
"1000","11","6.35599999999999","8.53200000000015","14.8970000000002","C"
"1000","11","6.22900000000004","8.67900000000009","14.914","C"
"1000","11","6.29699999999991","8.58500000000004","14.886","C"
"1000","11","6.18000000000006","8.70400000000018","14.8969999999999","C"
"1000","11","6.34000000000003","8.55600000000004","14.9070000000002","C"
"1000","11","4.06899999999996","4.78300000000013","8.86000000000013","CS"
"1000","11","3.91800000000001","4.91100000000006","8.83999999999992","CS"
"1000","11","3.95299999999997","4.87400000000002","8.83600000000001","CS"
"1000","11","3.83299999999997","5.00600000000009","8.84199999999987","CS"
"1000","11","3.96000000000004","4.88499999999999","8.84699999999998","CS"
"1000","12","18.327","17.8820000000001","36.2239999999999","R"
"1000","12","18.284","17.9910000000002","36.2910000000002","R"
"1000","12","18.4770000000001","17.9110000000001","36.3939999999998","R"
"1000","12","18.45","17.7550000000001","36.223","R"
"1000","12","18.862","17.5510000000002","36.4159999999997","R"
"1000","12","13.7579999999999","17.759","31.5370000000003","C"
"1000","12","13.683","17.867","31.569","C"
"1000","12","13.89","17.671","31.5790000000002","C"
"1000","12","13.897","17.6329999999998","31.5460000000003","C"
"1000","12","13.9090000000001","17.6320000000001","31.556","C"
"1000","12","8.31200000000001","10.521","18.8429999999998","CS"
"1000","12","8.39800000000002","10.462","18.873","CS"
"1000","12","8.24199999999996","10.576","18.8310000000001","CS"
"1000","12","8.43900000000008","10.4180000000001","18.864","CS"
"1000","12","8.43299999999999","10.4559999999999","18.9069999999997","CS"
"1000","13","41.2090000000001","36.8579999999999","78.0990000000002","R"
"1000","13","41.1079999999999","36.9479999999999","78.0930000000003","R"
"1000","13","41.261","36.778","78.069","R"
"1000","13","40.9069999999999","36.8709999999999","77.8240000000001","R"
"1000","13","41.4350000000002","36.6799999999998","78.1469999999999","R"
"1000","13","31.05","36.825","67.9119999999998","C"
"1000","13","30.694","37.1070000000002","67.8389999999999","C"
"1000","13","31.258","36.596","67.9029999999998","C"
"1000","13","31.3390000000002","36.4110000000001","67.7939999999999","C"
"1000","13","31.162","36.6310000000001","67.8220000000001","C"
"1000","13","17.7440000000001","22.326","40.0989999999997","CS"
"1000","13","18.0629999999999","22.037","40.1190000000001","CS"
"1000","13","17.5319999999999","22.5129999999999","40.0750000000003","CS"
"1000","13","17.8429999999998","22.2559999999999","40.1179999999999","CS"
"1000","13","17.8719999999998","22.278","40.174","CS"
"1000","5","0.0879999999999654","0.0989999999999327","0.186000000000149","R"
"1000","5","0.0799999999999272","0.106999999999971","0.186999999999898","R"
"1000","5","0.0739999999998417","0.11200000000008","0.186000000000149","R"
"1000","5","0.0789999999999509","0.107999999999947","0.187000000000353","R"
"1000","5","0.0769999999999982","0.108999999999924","0.186000000000149","R"
"1000","5","0.0760000000000218","0.0919999999998709","0.16800000000012","C"
"1000","5","0.0609999999999218","0.106999999999971","0.167000000000371","C"
"1000","5","0.0670000000000073","0.100999999999885","0.167000000000371","C"
"1000","5","0.0599999999999454","0.106999999999971","0.16800000000012","C"
"1000","5","0.0740000000000691","0.0929999999998472","0.16800000000012","C"
"1000","5","0.0499999999999545","0.0370000000000346","0.0869999999999891","CS"
"1000","5","0.0429999999998927","0.0429999999998927","0.0860000000002401","CS"
"1000","5","0.04099999999994","0.0460000000000491","0.0869999999999891","CS"
"1000","5","0.0459999999998217","0.0399999999999636","0.0869999999999891","CS"
"1000","5","0.0440000000000964","0.0419999999999163","0.0869999999999891","CS"
"5000","10","10.9119999999998","4.6579999999999","15.5720000000001","R"
"5000","10","9.44200000000001","4.66599999999994","14.1150000000002","R"
"5000","10","9.42599999999993","4.64799999999991","14.076","R"
"5000","10","9.45299999999997","4.64599999999996","14.1089999999999","R"
"5000","10","9.923","4.61999999999989","14.5440000000003","R"
"5000","10","5.98399999999992","4.58100000000013","10.5709999999999","C"
"5000","10","6.03199999999993","4.54500000000007","10.5830000000001","C"
"5000","10","5.94799999999987","4.60599999999977","10.5629999999996","C"
"5000","10","5.9340000000002","4.62699999999995","10.569","C"
"5000","10","5.98800000000006","4.57900000000018","10.5700000000002","C"
"5000","10","2.34000000000015","2.19700000000012","4.53899999999976","CS"
"5000","10","2.40300000000002","2.14499999999998","4.54599999999982","CS"
"5000","10","2.28800000000001","2.26600000000008","4.55600000000004","CS"
"5000","10","2.29000000000019","2.26600000000008","4.55999999999995","CS"
"5000","10","2.35200000000009","2.19299999999976","4.54600000000028","CS"
"5000","11","21.0359999999998","9.66000000000031","30.7039999999997","R"
"5000","11","22.1369999999999","9.72899999999981","31.877","R"
"5000","11","20.6180000000002","9.73599999999988","30.3690000000001","R"
"5000","11","21.2939999999999","9.65900000000011","30.962","R"
"5000","11","21.5889999999999","9.63599999999997","31.23","R"
"5000","11","12.7240000000002","9.50300000000016","22.2350000000001","C"
"5000","11","12.6079999999999","9.6220000000003","22.2350000000001","C"
"5000","11","12.7050000000002","9.54500000000007","22.2670000000003","C"
"5000","11","12.5730000000001","9.67799999999988","22.2650000000003","C"
"5000","11","12.8230000000001","9.42299999999977","22.2579999999998","C"
"5000","11","4.95700000000011","4.75","9.70899999999983","CS"
"5000","11","4.86500000000001","4.82600000000002","9.69700000000012","CS"
"5000","11","4.7940000000001","4.904","9.70800000000008","CS"
"5000","11","4.94000000000005","4.78600000000006","9.73599999999988","CS"
"5000","11","4.93399999999997","4.78400000000011","9.72400000000016","CS"
"5000","12","48.001","19.9989999999998","68.0219999999999","R"
"5000","12","45.5989999999999","20.038","65.6530000000002","R"
"5000","12","48.1559999999999","19.9940000000001","68.1729999999998","R"
"5000","12","47.0259999999998","20.203","67.2389999999996","R"
"5000","12","41.7910000000002","20.0250000000001","61.8329999999996","R"
"5000","12","27.0799999999999","19.7339999999999","46.8400000000001","C"
"5000","12","27.2670000000003","19.625","46.9160000000002","C"
"5000","12","27.0389999999998","19.6610000000001","46.7200000000003","C"
"5000","12","27.0149999999999","19.6800000000003","46.7290000000003","C"
"5000","12","27.1779999999999","19.616","46.8149999999996","C"
"5000","12","10.462","10.2260000000001","20.6909999999998","CS"
"5000","12","10.4079999999999","10.2620000000002","20.6769999999997","CS"
"5000","12","10.462","10.2160000000003","20.6880000000001","CS"
"5000","12","10.4699999999998","10.201","20.6779999999999","CS"
"5000","12","10.3489999999997","10.2889999999998","20.6530000000002","CS"
"5000","13","94.2239999999997","41.4090000000001","135.668","R"
"5000","13","96.4719999999998","41.3559999999998","137.88","R"
"5000","13","93.9850000000001","41.5740000000001","135.6","R"
"5000","13","95.3989999999999","41.4369999999999","136.903","R"
"5000","13","94.877","41.27","136.185","R"
"5000","13","58.6379999999999","40.712","99.4110000000001","C"
"5000","13","58.643","40.587","99.2939999999999","C"
"5000","13","58.3450000000003","40.9350000000004","99.3279999999995","C"
"5000","13","58.7080000000001","40.8629999999998","99.6400000000003","C"
"5000","13","58.4450000000002","40.877","99.3870000000006","C"
"5000","13","22.4230000000002","21.5070000000001","43.96","CS"
"5000","13","22.0529999999999","21.9569999999999","44.0380000000005","CS"
"5000","13","22.4400000000001","21.4759999999997","43.9499999999998","CS"
"5000","13","22.3440000000001","21.5969999999998","43.9690000000001","CS"
"5000","13","22.3249999999998","21.5799999999999","43.9260000000004","CS"
"5000","5","0.153999999999996","0.114999999999782","0.269000000000233","R"
"5000","5","0.16800000000012","0.0999999999999091","0.268000000000029","R"
"5000","5","0.169999999999618","0.0960000000000036","0.266999999999825","R"
"5000","5","0.148000000000138","0.102999999999611","0.251000000000204","R"
"5000","5","0.162000000000262","0.105999999999767","0.266999999999825","R"
"5000","5","0.145999999999731","0.10799999999972","0.253999999999905","C"
"5000","5","0.14200000000028","0.110999999999876","0.252999999999702","C"
"5000","5","0.15099999999984","0.102000000000317","0.252000000000407","C"
"5000","5","0.1550000000002","0.0970000000002074","0.253000000000611","C"
"5000","5","0.146000000000186","0.10799999999972","0.252999999999702","C"
"5000","5","0.0529999999998836","0.0450000000000728","0.0970000000006621","CS"
"5000","5","0.0470000000000255","0.0509999999999309","0.0979999999999563","CS"
"5000","5","0.0590000000001965","0.0390000000002146","0.0979999999999563","CS"
"5000","5","0.0420000000003711","0.0540000000000873","0.0970000000006621","CS"
"5000","5","0.0519999999996799","0.0460000000002765","0.0969999999997526","CS"
"10000","10","17.4189999999999","5.04800000000023","22.4690000000001","R"
"10000","10","17.277","5.0300000000002","22.317","R"
"10000","10","17.0909999999999","5.04599999999982","22.1379999999999","R"
"10000","10","16.7739999999999","5.01800000000003","21.7929999999997","R"
"10000","10","17.4159999999997","5.00399999999991","22.4209999999994","R"
"10000","10","9.89499999999998","4.86799999999994","14.7730000000001","C"
"10000","10","9.91500000000042","4.87000000000035","14.79","C"
"10000","10","9.87699999999995","4.88200000000006","14.7660000000005","C"
"10000","10","9.8130000000001","4.89800000000014","14.7120000000004","C"
"10000","10","9.82099999999991","4.88300000000027","14.7160000000003","C"
"10000","10","2.71399999999994","2.32899999999972","5.04300000000057","CS"
"10000","10","2.80100000000039","2.25","5.05100000000039","CS"
"10000","10","2.74400000000014","2.30700000000024","5.05499999999938","CS"
"10000","10","2.75900000000001","2.28899999999976","5.04899999999998","CS"
"10000","10","2.74499999999989","2.30699999999979","5.05199999999968","CS"
"10000","11","35.3940000000002","10.473","45.8770000000004","R"
"10000","11","36.2259999999997","10.3340000000003","46.5720000000001","R"
"10000","11","35.8090000000002","10.3679999999999","46.1909999999998","R"
"10000","11","36.8710000000001","10.3020000000001","47.1859999999997","R"
"10000","11","35.9380000000001","10.335","46.2849999999999","R"
"10000","11","20.7969999999996","10.116","30.9290000000001","C"
"10000","11","20.7250000000004","10.0060000000003","30.741","C"
"10000","11","20.7779999999998","10.0989999999997","30.8959999999997","C"
"10000","11","20.7309999999998","10.0839999999998","30.8339999999998","C"
"10000","11","20.7539999999999","10.0030000000002","30.7759999999998","C"
"10000","11","5.88400000000001","4.86999999999989","10.7569999999996","CS"
"10000","11","5.82400000000007","4.95200000000023","10.7809999999999","CS"
"10000","11","5.97199999999975","4.79500000000007","10.7759999999998","CS"
"10000","11","5.84799999999996","4.92799999999988","10.7820000000002","CS"
"10000","11","5.92000000000007","4.85100000000011","10.777","CS"
"10000","12","75.3499999999999","21.5359999999996","96.8979999999992","R"
"10000","12","79.9299999999998","21.578","101.536999999999","R"
"10000","12","74.2750000000001","21.393","95.6940000000004","R"
"10000","12","76.4300000000003","21.549","98.0069999999996","R"
"10000","12","78.1599999999999","21.5080000000003","99.6930000000002","R"
"10000","12","43.5940000000001","20.8490000000002","64.4780000000001","C"
"10000","12","43.4209999999998","21.056","64.5040000000008","C"
"10000","12","43.6689999999999","20.8070000000002","64.5039999999999","C"
"10000","12","43.547","20.8760000000002","64.451","C"
"10000","12","43.4830000000002","21.0450000000001","64.5570000000007","C"
"10000","12","12.2789999999995","10.643","22.9370000000008","CS"
"10000","12","12.2569999999996","10.6440000000002","22.915","CS"
"10000","12","12.3779999999997","10.5430000000001","22.9360000000006","CS"
"10000","12","12.4679999999998","10.415","22.8919999999998","CS"
"10000","12","12.4880000000003","10.4140000000002","22.9170000000004","CS"
"10000","13","159.08","44.223","203.371","R"
"10000","13","161.322999999999","44.1660000000002","205.533","R"
"10000","13","159.536999999999","44.415","204.003000000001","R"
"10000","13","162.97","44.462","207.492999999999","R"
"10000","13","156.659000000001","44.0059999999999","200.713","R"
"10000","13","92.4880000000003","42.962","135.510999999999","C"
"10000","13","92.3769999999995","43.0950000000003","135.531999999999","C"
"10000","13","92.607","42.6489999999999","135.322","C"
"10000","13","92.4409999999998","42.8939999999998","135.405000000001","C"
"10000","13","92.4690000000001","43.1839999999993","135.720000000001","C"
"10000","13","26.2479999999996","22.3519999999999","48.6270000000004","CS"
"10000","13","26.5199999999995","22.1420000000007","48.6949999999997","CS"
"10000","13","26.6269999999995","21.9970000000003","48.6579999999994","CS"
"10000","13","26.5349999999999","22.0659999999998","48.6319999999996","CS"
"10000","13","26.2629999999999","22.3639999999996","48.6630000000005","CS"
"10000","5","0.38799999999992","0.128999999999905","0.517000000001644","R"
"10000","5","0.338999999999942","0.132999999999811","0.472000000001572","R"
"10000","5","0.348999999999251","0.122000000000298","0.470999999999549","R"
"10000","5","0.372999999999593","0.125","0.497999999999593","R"
"10000","5","0.360000000000582","0.124000000000706","0.485000000000582","R"
"10000","5","0.25","0.119000000000597","0.368999999998778","C"
"10000","5","0.238999999999578","0.1299999999992","0.369000000000597","C"
"10000","5","0.239000000000487","0.130000000000109","0.368999999998778","C"
"10000","5","0.239999999999782","0.128999999999905","0.3700000000008","C"
"10000","5","0.240999999999985","0.126999999999498","0.369000000000597","C"
"10000","5","0.0639999999993961","0.0470000000004802","0.110999999998967","CS"
"10000","5","0.0619999999998981","0.0489999999999782","0.111999999999171","CS"
"10000","5","0.0690000000004147","0.0420000000003711","0.111000000000786","CS"
"10000","5","0.0630000000001019","0.0489999999999782","0.110999999998967","CS"
"10000","5","0.0649999999995998","0.0470000000004802","0.110999999998967","CS"
"1e+05","10","98.2840000000006","9.76199999999972","108.07","R"
"1e+05","10","101.227","9.66899999999987","110.922","R"
"1e+05","10","98.1779999999999","9.69599999999991","107.902","R"
"1e+05","10","95.7560000000003","9.63299999999981","105.404999999999","R"
"1e+05","10","97.8530000000001","9.71100000000024","107.573","R"
"1e+05","10","85.6580000000004","9.5649999999996","95.25","C"
"1e+05","10","85.6480000000001","9.48900000000049","95.1549999999988","C"
"1e+05","10","85.8900000000003","9.34600000000046","95.268","C"
"1e+05","10","85.848","9.49399999999969","95.3810000000012","C"
"1e+05","10","85.5779999999995","9.60599999999977","95.2129999999997","C"
"1e+05","10","13.8699999999999","2.26299999999992","16.1359999999986","CS"
"1e+05","10","13.7609999999995","2.38999999999942","16.1569999999992","CS"
"1e+05","10","13.8159999999998","2.35699999999997","16.1790000000001","CS"
"1e+05","10","13.8029999999999","2.34000000000015","16.1499999999996","CS"
"1e+05","10","13.8199999999997","2.32700000000023","16.1490000000013","CS"
"1e+05","11","206.823","20.0450000000001","226.898000000001","R"
"1e+05","11","207.786","20.1549999999997","227.98","R"
"1e+05","11","203.329","20.1989999999996","223.567000000001","R"
"1e+05","11","207.088","19.9870000000001","227.121999999999","R"
"1e+05","11","208.908","20.1019999999999","229.088","R"
"1e+05","11","177.728","19.8549999999996","197.666999999999","C"
"1e+05","11","178.112","19.7179999999998","197.902","C"
"1e+05","11","178.299","19.7889999999998","198.155000000001","C"
"1e+05","11","178.49","19.8559999999998","198.415999999999","C"
"1e+05","11","178.25","19.7979999999998","198.133","C"
"1e+05","11","29.4199999999983","4.97000000000025","34.4069999999992","CS"
"1e+05","11","29.4139999999989","4.9369999999999","34.357","CS"
"1e+05","11","29.1880000000001","5.0630000000001","34.2630000000008","CS"
"1e+05","11","29.253999999999","5.02700000000004","34.2930000000015","CS"
"1e+05","11","29.3500000000004","5.0029999999997","34.3649999999998","CS"
"1e+05","12","435.346","41.527","476.985999999999","R"
"1e+05","12","436.889999999999","41.6790000000001","478.665000000001","R"
"1e+05","12","434.591999999999","41.8450000000003","476.567000000001","R"
"1e+05","12","432.235000000001","41.8289999999997","474.179","R"
"1e+05","12","436.045","41.3459999999995","477.475","R"
"1e+05","12","369.123","40.9569999999994","410.219000000001","C"
"1e+05","12","368.677","41.0079999999998","409.853999999999","C"
"1e+05","12","369.328000000001","40.7340000000004","410.201999999997","C"
"1e+05","12","368.697","41.0259999999998","409.852999999999","C"
"1e+05","12","369.064","40.8700000000008","410.067000000003","C"
"1e+05","12","61.9140000000007","10.8400000000001","72.7790000000023","CS"
"1e+05","12","62.0229999999992","10.8140000000003","72.8610000000008","CS"
"1e+05","12","62.0910000000003","10.7730000000001","72.8870000000024","CS"
"1e+05","12","61.9869999999992","10.8090000000002","72.8100000000013","CS"
"1e+05","12","61.8180000000011","10.8609999999999","72.7030000000013","CS"
"1e+05","13","911.267","90.0100000000002","1001.483","R"
"1e+05","13","922.634","89.174","1012.029","R"
"1e+05","13","919.341999999999","86.4740000000002","1005.978","R"
"1e+05","13","910.609","86.3459999999995","997.135000000002","R"
"1e+05","13","910.745999999999","86.4279999999999","997.338","R"
"1e+05","13","765.43","84.7179999999998","850.455999999998","C"
"1e+05","13","765.497000000003","84.5480000000007","850.344000000001","C"
"1e+05","13","765.467000000001","84.7359999999999","850.552","C"
"1e+05","13","766.092000000001","84.7280000000001","851.139999999999","C"
"1e+05","13","765.329000000002","84.6410000000005","850.272999999997","C"
"1e+05","13","131.057999999997","22.7840000000006","153.893","CS"
"1e+05","13","130.983","22.8760000000002","153.915000000001","CS"
"1e+05","13","130.75","23.0060000000003","153.809999999998","CS"
"1e+05","13","131.006000000001","22.9350000000004","153.996000000003","CS"
"1e+05","13","131.219000000001","22.5660000000007","153.851999999999","CS"
"1e+05","5","2.21600000000035","0.253000000000611","2.46999999999753","R"
"1e+05","5","2.27300000000105","0.251999999999498","2.52499999999782","R"
"1e+05","5","2.31299999999828","0.240000000000691","2.55299999999988","R"
"1e+05","5","2.25300000000061","0.265999999999622","2.51599999999962","R"
"1e+05","5","2.38899999999921","0.247000000000298","2.6339999999982","R"
"1e+05","5","2.18499999999767","0.247000000000298","2.4320000000007","C"
"1e+05","5","2.1710000000021","0.252000000000407","2.4230000000025","C"
"1e+05","5","2.21299999999974","0.231999999999971","2.44499999999971","C"
"1e+05","5","2.22000000000116","0.240999999999985","2.46299999999974","C"
"1e+05","5","2.22399999999834","0.235999999999876","2.45999999999913","C"
"1e+05","5","0.368000000002212","0.0529999999998836","0.422999999998865","CS"
"1e+05","5","0.364000000001397","0.0570000000006985","0.420999999998457","CS"
"1e+05","5","0.377999999996973","0.0450000000000728","0.423999999999069","CS"
"1e+05","5","0.370000000002619","0.0500000000001819","0.422000000002299","CS"
"1e+05","5","0.382000000001426","0.0410000000001673","0.420999999998457","CS"
"250000","10","223.026999999998","16.5410000000002","239.623","R"
"250000","10","223.530000000002","16.5689999999995","240.152999999998","R"
"250000","10","226.075000000001","16.616","242.732","R"
"250000","10","222.865000000002","16.5529999999999","239.455999999998","R"
"250000","10","220.847000000002","16.5450000000001","237.437999999998","R"
"250000","10","213.431","16.5170000000007","230.022000000001","C"
"250000","10","213.914000000001","16.3779999999997","230.343999999997","C"
"250000","10","213.737999999998","16.3769999999995","230.194","C"
"250000","10","213.401999999998","16.375","229.84","C"
"250000","10","213.748","16.4799999999996","230.277000000002","C"
"250000","10","31.8840000000018","2.36700000000019","34.2610000000022","CS"
"250000","10","31.9709999999977","2.3139999999994","34.2989999999991","CS"
"250000","10","31.9590000000026","2.30500000000029","34.268","CS"
"250000","10","31.8770000000004","2.38299999999981","34.2800000000025","CS"
"250000","10","31.9130000000005","2.38400000000001","34.3119999999981","CS"
"250000","5","4.96199999999953","0.431999999999789","5.39400000000023","R"
"250000","5","5.11100000000079","0.446999999999207","5.56000000000131","R"
"250000","5","4.90700000000288","0.421999999999571","5.32800000000134","R"
"250000","5","4.88199999999779","0.440999999999804","5.31999999999971","R"
"250000","5","4.95000000000073","0.429999999999382","5.38200000000143","R"
"250000","5","5.46399999999994","0.426000000000386","5.88900000000285","C"
"250000","5","5.46199999999953","0.439000000000306","5.90299999999843","C"
"250000","5","5.46300000000338","0.4350000000004","5.89899999999761","C"
"250000","5","5.45800000000236","0.443000000000211","5.90200000000186","C"
"250000","5","5.50599999999758","0.434999999999491","5.94100000000253","C"
"250000","5","0.831999999998516","0.0630000000001019","0.895000000000437","CS"
"250000","5","0.824000000000524","0.0659999999998035","0.888999999999214","CS"
"250000","5","0.830000000001746","0.0599999999994907","0.889000000002852","CS"
"250000","5","0.836000000002969","0.0529999999998836","0.888999999999214","CS"
"250000","5","0.834999999999127","0.0559999999995853","0.890999999999622","CS"
"5e+05","10","436.080999999998","38.2969999999996","474.415000000001","R"
"5e+05","10","439.144","38.0969999999998","477.277000000002","R"
"5e+05","10","440.885999999999","37.8859999999995","478.909","R"
"5e+05","10","426.512999999999","37.8410000000003","464.486000000004","R"
"5e+05","10","427.257999999998","39.2650000000003","466.589999999997","R"
"5e+05","10","424.969000000001","29.2910000000002","454.398999999998","C"
"5e+05","10","424.678","29.4690000000001","454.288999999997","C"
"5e+05","10","425.181","29.4740000000002","454.783000000003","C"
"5e+05","10","426.134999999998","29.3009999999995","455.57","C"
"5e+05","10","424.835000000003","29.3279999999995","454.280999999995","C"
"5e+05","10","60.5740000000005","3.36700000000019","63.9630000000034","CS"
"5e+05","10","60.5869999999995","3.38799999999992","63.9900000000052","CS"
"5e+05","10","60.492000000002","3.44899999999961","63.971000000005","CS"
"5e+05","10","60.5190000000002","3.40800000000036","63.9439999999959","CS"
"5e+05","10","60.6530000000021","3.40499999999975","64.0869999999995","CS"
"5e+05","5","9.2599999999984","0.782999999999447","10.0429999999978","R"
"5e+05","5","9.39300000000003","0.772999999999229","10.1650000000009","R"
"5e+05","5","9.35499999999956","0.773000000000138","10.1289999999935","R"
"5e+05","5","9.18800000000192","0.800999999999476","9.99199999999837","R"
"5e+05","5","9.57400000000052","0.77599999999984","10.3510000000024","R"
"5e+05","5","10.7970000000023","0.780000000000655","11.5800000000017","C"
"5e+05","5","10.8029999999999","0.806999999999789","11.6139999999941","C"
"5e+05","5","10.8270000000011","0.79700000000048","11.6239999999962","C"
"5e+05","5","10.8729999999996","0.774000000000342","11.6500000000015","C"
"5e+05","5","10.849000000002","0.793999999999869","11.6460000000006","C"
"5e+05","5","1.53700000000026","0.105999999999767","1.64299999999639","CS"
"5e+05","5","1.52699999999822","0.109000000000378","1.63499999999476","CS"
"5e+05","5","1.56099999999788","0.0819999999994252","1.64400000000023","CS"
"5e+05","5","1.54500000000189","0.100000000000364","1.64299999999639","CS"
"5e+05","5","1.53700000000026","0.100000000000364","1.63900000000285","CS"
"1e+06","10","778.32","151.676","930.165000000001","R"
"1e+06","10","789.932000000001","154.183","944.320000000007","R"
"1e+06","10","777.522000000001","186.114","963.811000000002","R"
"1e+06","10","789.997000000003","172.736","962.964999999997","R"
"1e+06","10","761.309999999998","174.956999999999","936.425000000003","R"
"1e+06","10","845.007000000005","55.4090000000006","900.659","C"
"1e+06","10","847.506999999998","55.0309999999999","902.707999999999","C"
"1e+06","10","845.421999999999","55.5699999999997","901.257000000005","C"
"1e+06","10","846.257999999994","55.3029999999999","901.781000000003","C"
"1e+06","10","846.174999999996","55.4349999999995","901.900000000001","C"
"1e+06","10","118.173999999999","5.53600000000006","123.754999999997","CS"
"1e+06","10","118.029000000002","5.67000000000007","123.75","CS"
"1e+06","10","117.870000000003","5.81200000000081","123.726000000002","CS"
"1e+06","10","118.18","5.58600000000024","123.813000000002","CS"
"1e+06","10","118.069000000003","5.67300000000068","123.788999999997","CS"
"1e+06","5","18.7510000000038","2.34200000000055","21.0970000000016","R"
"1e+06","5","18.3660000000018","2.121000000001","20.4859999999971","R"
"1e+06","5","18.653999999995","1.91399999999885","20.5729999999967","R"
"1e+06","5","18.2139999999999","2.17100000000028","20.3869999999952","R"
"1e+06","5","18.1270000000004","2.02800000000025","20.1589999999997","R"
"1e+06","5","21.5570000000007","1.48899999999958","23.0509999999995","C"
"1e+06","5","21.5509999999995","1.49300000000039","23.0460000000021","C"
"1e+06","5","21.5849999999991","1.48999999999978","23.0769999999975","C"
"1e+06","5","21.5460000000021","1.51899999999841","23.0750000000044","C"
"1e+06","5","21.5520000000033","1.5010000000002","23.0630000000019","C"
"1e+06","5","2.97600000000239","0.184000000001106","3.15800000000309","CS"
"1e+06","5","2.97600000000239","0.173000000000684","3.15000000000146","CS"
"1e+06","5","2.96600000000035","0.193999999999505","3.16300000000047","CS"
"1e+06","5","3.00500000000466","0.159999999999854","3.16700000000128","CS"
"1e+06","5","2.9800000000032","0.194999999999709","3.17500000000291","CS"
"1250000","10","966.352999999996","225.898000000001","1192.408","R"
"1250000","10","953.894","232.032000000001","1186.215","R"
"1250000","10","936.557000000001","211.592000000001","1148.323","R"
"1250000","10","960.345999999998","219.072","1179.565","R"
"1250000","10","963.042000000001","211.787","1175.093","R"
"1250000","10","1053.799","67.9889999999996","1122.072","C"
"1250000","10","1054.532","68.3339999999989","1123.276","C"
"1250000","10","1055.172","68.0370000000003","1123.498","C"
"1250000","10","1055.408","67.9619999999995","1123.664","C"
"1250000","10","1053.878","68.2850000000017","1123.548","C"
"1250000","10","146.962","6.6830000000009","153.714","CS"
"1250000","10","146.896000000001","6.78700000000026","153.75","CS"
"1250000","10","147.108","6.66100000000006","153.841","CS"
"1250000","10","147.008000000002","6.69999999999891","153.760999999999","CS"
"1250000","10","147.034","6.79000000000087","153.881000000001","CS"
"1250000","5","21.7049999999945","3.13700000000063","24.8509999999951","R"
"1250000","5","21.9059999999954","2.9989999999998","24.9100000000035","R"
"1250000","5","23.0729999999967","3.5530000000017","26.6270000000004","R"
"1250000","5","21.489999999998","3.59599999999955","25.0879999999961","R"
"1250000","5","22.6979999999967","2.92299999999886","25.6169999999984","R"
"1250000","5","26.958000000006","1.88700000000063","28.851999999999","C"
"1250000","5","26.9969999999958","1.85900000000038","28.8660000000018","C"
"1250000","5","26.976999999999","1.85499999999956","28.8400000000038","C"
"1250000","5","26.987000000001","1.86399999999958","28.8529999999955","C"
"1250000","5","26.9350000000049","1.88699999999881","28.8309999999983","C"
"1250000","5","3.6820000000007","0.239000000001397","3.92099999999482","CS"
"1250000","5","3.67600000000675","0.239999999999782","3.91800000000512","CS"
"1250000","5","3.69099999999889","0.236999999999171","3.92799999999988","CS"
"1250000","5","3.67000000000553","0.251000000000204","3.9210000000021","CS"
"1250000","5","3.69100000000617","0.238999999999578","3.93099999999686","CS"
"1500000","10","1137.61","272.849","1410.627","R"
"1500000","10","1140.771","263.666999999999","1404.736","R"
"1500000","10","1121.81600000001","283.777","1405.885","R"
"1500000","10","1103.067","303.197","1406.59699999999","R"
"1500000","10","1101.943","294.122000000001","1396.319","R"
"1500000","10","1261.823","81.5750000000007","1343.883","C"
"1500000","10","1263.047","81.6920000000009","1345.155","C"
"1500000","10","1265.34","80.9330000000009","1346.575","C"
"1500000","10","1262.36700000001","80.9329999999991","1343.624","C"
"1500000","10","1263.882","81.0460000000003","1345.281","C"
"1500000","10","175.870999999999","7.80899999999929","183.762000000002","CS"
"1500000","10","175.694000000003","7.80400000000009","183.557000000001","CS"
"1500000","10","175.695999999996","7.82700000000114","183.581000000006","CS"
"1500000","10","175.698000000004","7.82700000000114","183.577999999994","CS"
"1500000","10","175.731999999996","7.79699999999866","183.574999999997","CS"
"1500000","5","26.7750000000015","4.53299999999945","31.3099999999977","R"
"1500000","5","25.9110000000001","4.06099999999969","29.976999999999","R"
"1500000","5","25.8640000000014","4.25799999999981","30.1239999999962","R"
"1500000","5","25.6460000000006","4.18899999999849","29.843000000008","R"
"1500000","5","26.6440000000002","4.68499999999949","31.333999999988","R"
"1500000","5","32.2880000000005","2.29099999999926","34.5829999999987","C"
"1500000","5","32.2810000000027","2.29100000000108","34.5760000000009","C"
"1500000","5","32.3020000000033","2.28699999999844","34.5950000000012","C"
"1500000","5","32.2869999999966","2.30999999999949","34.6009999999951","C"
"1500000","5","32.2720000000045","2.31500000000051","34.5919999999896","C"
"1500000","5","4.36099999999715","0.363999999999578","4.72800000000279","CS"
"1500000","5","4.35800000000017","0.369999999998981","4.72800000000279","CS"
"1500000","5","4.36699999999837","0.360000000000582","4.72699999999895","CS"
"1500000","5","4.35399999999936","0.373000000001412","4.72999999999593","CS"
"1500000","5","4.37200000000303","0.360999999998967","4.73400000001129","CS"
"2e+06","10","1467.286","368.620000000001","1836.186","R"
"2e+06","10","1470.744","365.681","1836.72200000001","R"
"2e+06","10","1487.552","378.74","1866.78300000001","R"
"2e+06","10","1478.38499999999","386.082","1864.94799999999","R"
"2e+06","10","1454.269","409.198","1863.94500000001","R"
"2e+06","10","1685.25600000001","105.584999999999","1791.25700000001","C"
"2e+06","10","1686.035","105.884","1792.41500000001","C"
"2e+06","10","1686.72899999999","105.689","1792.89200000001","C"
"2e+06","10","1682.99900000001","106.249000000002","1789.762","C"
"2e+06","10","1683.93599999999","106.437","1790.977","C"
"2e+06","10","233.248999999996","10.0839999999989","243.431000000011","CS"
"2e+06","10","233.347000000009","10.0150000000012","243.475999999995","CS"
"2e+06","10","233.262000000002","10.1309999999994","243.486999999994","CS"
"2e+06","10","233.392999999996","10.0200000000004","243.502999999997","CS"
"2e+06","10","233.349000000002","10.0210000000006","243.481","CS"
"2e+06","5","34.5269999999873","6.63199999999961","41.1540000000095","R"
"2e+06","5","33.599000000002","6.9489999999987","40.5439999999944","R"
"2e+06","5","34.4809999999998","5.54100000000108","40.0339999999997","R"
"2e+06","5","33.096000000005","6.496000000001","39.5950000000012","R"
"2e+06","5","33.8090000000084","5.98499999999876","39.7939999999944","R"
"2e+06","5","42.9900000000052","3.04199999999946","46.044000000009","C"
"2e+06","5","43.0209999999934","3.03900000000067","46.0689999999886","C"
"2e+06","5","43.1350000000093","3.0059999999994","46.150999999998","C"
"2e+06","5","43.0650000000023","3.0619999999999","46.1419999999925","C"
"2e+06","5","42.9829999999929","3.05500000000029","46.0479999999952","C"
"2e+06","5","5.76699999999255","0.477999999999156","6.24900000001071","CS"
"2e+06","5","5.75899999999092","0.496000000001004","6.25400000000081","CS"
"2e+06","5","5.79000000000815","0.47400000000016","6.26600000000326","CS"
"2e+06","5","5.78100000000268","0.475999999998749","6.25800000000163","CS"
"2e+06","5","5.77400000000489","0.480999999999767","6.25899999999092","CS"
